city,Deluxe,Standard,Suite,TỔNG
Hà Nội,700000.0,1500000.0,1200000.0,1031034.4827586206
TP.HCM,1200000.0,0.0,1080000.0,1122580.6451612904
Đà Nẵng,1057142.857142857,1500000.0,0.0,1200000.0
TỔNG,916666.6666666666,1500000.0,1133333.3333333333,1098333.3333333333
