hotel_id,Deluxe,Standard,Suite,TỔNG
HOT100,-,-,2.888888888888889,2.888888888888889
HOT101,3.25,-,-,3.25
HOT102,-,3.8,-,3.8
HOT103,4.0,-,-,4.0
HOT104,3.1818181818181817,-,-,3.1818181818181817
HOT105,3.4,-,-,3.4
HOT106,-,3.2,-,3.2
HOT107,-,-,4.333333333333333,4.333333333333333
HOT108,-,-,4.2,4.2
HOT109,3.6,-,-,3.6
TỔNG,3.46875,3.5,3.65,3.532258064516129
