city,room_type,0
Hà Nội,Deluxe,700000.0
Hà Nội,Standard,1500000.0
Hà Nội,Suite,1200000.0
Hà Nội,TỔNG,1031034.4827586206
TP.HCM,Deluxe,1200000.0
TP.HCM,Standard,0.0
TP.HCM,Suite,1080000.0
TP.HCM,TỔNG,1122580.6451612904
Đà Nẵng,Deluxe,1057142.857142857
Đà Nẵng,Standard,1500000.0
Đà Nẵng,Suite,0.0
Đà Nẵng,TỔNG,1200000.0
TỔNG,Deluxe,916666.6666666666
TỔNG,Standard,1500000.0
TỔNG,Suite,1133333.3333333333
TỔNG,TỔNG,1098333.3333333333
